RGIId,1976/1979-2000_percentDataCoverage,1976/1979-2000_volumeChange,1976/1979-2000_meanElevationChange,1976/1979-2000_geodeticMassBalance,1976/1979-2000_volumeChange_sigma,1976/1979-2000_meanElevationChange_sigma,1976/1979-2000_geodeticMassBalance_sigma,1976/1979-2000_timespan,1976/1979-2000_minYear,1976/1979-2000_maxYear,2000-2020_percentDataCoverage,2000-2020_volumeChange,2000-2020_meanElevationChange,2000-2020_geodeticMassBalance,2000-2020_volumeChange_sigma,2000-2020_meanElevationChange_sigma,2000-2020_geodeticMassBalance_sigma,2000-2020_timepsan,2000-2020_minYear,2000-2020_maxYear
RGI60-17.00090,78,2272545.914,0.633989324,0.538890925,2692202.559,0.752400833,0.640670984,21-24,1976/1979,2000,95,-3661158.643,-0.93772125,-0.797063063,824058.3005,0.22123424,0.196285562,19,2000.112254,2019.112254
RGI60-17.00102,87,3061802.893,0.903615437,0.768073122,1603953.337,0.477660015,0.409614962,21-24,1976/1979,2000,57,-2070435.356,-0.595167581,-0.505892444,1596815.746,0.460946037,0.39342812,16.69816629,2000.112254,2016.81042
RGI60-17.00113,57,-30892328.5,-2.68842682,-2.285162797,3919761.557,0.390513855,0.369054905,21-24,1976/1979,2000,1,-11974168.53,-0.947001059,-0.804950901,4519423.515,0.363647964,0.31427982,16.69816629,2000.112254,2016.81042
RGI60-17.00136,69,-50802647.82,-6.719984299,-5.711986654,2366405.975,0.569009709,0.629678319,21-24,1976/1979,2000,0,nan,nan,nan,nan,nan,nan,11.87886815,2000.112254,2011.991122
RGI60-17.00148,62,-21540590.74,-1.275776817,-1.084410295,4567244.553,0.285148491,0.254176344,21-24,1976/1979,2000,93,-37913755.39,-2.308711518,-1.96240479,1911233.52,0.200815162,0.219828565,19,2000.112254,2019.112254
RGI60-17.00172,50,-3030704642,-3.585700134,-3.047845114,42322900.71,0.258555965,0.307548478,21-24,1976/1979,2000,91,-2988836841,-3.699082762,-2.905212633,16014383.95,0.262452753,0.314684626,20.09582675,2000.112254,2020.208081
RGI60-17.00231,72,-14640083.79,-3.423263446,-2.909773929,2887322.2,0.717219522,0.643307247,21-24,1976/1979,2000,95,-3573616.66,-0.814862948,-0.692633506,1068812.459,0.250431379,0.218409308,20.18343977,2000.112254,2020.295694
RGI60-17.00312,50,37887233.09,0.146327976,0.12437878,15743649.31,0.061679158,0.053157341,21-24,1976/1979,2000,86,-50880115.5,-0.197147738,-0.167575578,8851581.474,0.037022509,0.033618869,20.09582675,2000.112254,2020.208081
RGI60-17.00326,82,1020527.456,0.336691287,0.286187594,849538.0508,0.281287981,0.239946693,21-24,1976/1979,2000,94,-2996780.935,-0.987851198,-0.839673518,700017.7025,0.241094282,0.213329375,19.83232373,2000.112254,2019.944578
RGI60-17.00363,76,-687783.412,-0.252428817,-0.214564495,836759.5607,0.307624008,0.261918683,21-24,1976/1979,2000,86,215329.7869,0.077665574,0.066015738,846133.1471,0.305234388,0.259491075,20.09582675,2000.112254,2020.208081
RGI60-17.00368,47,19328415.24,0.766817014,0.651794462,4495578.925,0.186413467,0.164996033,21-24,1976/1979,2000,94,-10240839.51,-0.407605961,-0.346465067,1762964.26,0.075858249,0.068961735,20.09582675,2000.112254,2020.208081
RGI60-17.00387,93,-1251762.472,-0.378031844,-0.321327067,833478.3927,0.253125585,0.216349012,21-24,1976/1979,2000,94,-3509667.145,-1.02887277,-0.874541855,475931.5655,0.157352616,0.14730877,20.09582675,2000.112254,2020.208081
RGI60-17.00396,84,-3953290.22,-0.515279954,-0.437987961,3159167.503,0.413384955,0.352734735,21-24,1976/1979,2000,93,-8823123.091,-1.207462787,-1.026343369,771193.4085,0.13575241,0.136247668,20.09582675,2000.112254,2020.208081
RGI60-17.00425,87,-7929233.546,-2.227549151,-1.893416779,1552767.456,0.463783437,0.416256296,21-24,1976/1979,2000,96,-3121520.559,-0.857903846,-0.729218269,563793.9148,0.16640202,0.150516962,20.13963326,2000.112254,2020.251887
RGI60-17.00426,79,1707788.095,0.309291022,0.262897369,1669069.392,0.303068957,0.258276164,21-24,1976/1979,2000,90,-2209109.663,-0.39834745,-0.338595333,1023225.974,0.186646139,0.160439475,20.18343977,2000.112254,2020.295694
RGI60-17.00455,73,12413445.57,3.142076631,2.670765137,6349702.45,1.622513112,1.391961936,21-24,1976/1979,2000,87,-3060698.431,-0.750770731,-0.638155121,1041497.521,0.260930536,0.226319226,20.09582675,2000.112254,2020.208081
RGI60-17.00456,65,42268069.95,0.377826315,0.321152368,15306927.4,0.139409637,0.120647135,21-24,1976/1979,2000,93,-10562576.35,-0.094018879,-0.079916047,12085079.93,0.107776123,0.091783224,20.09582675,2000.112254,2020.208081
RGI60-17.00593,83,-3663487.511,-0.935955396,-0.795562087,1330036.028,0.346185429,0.299568338,21-24,1976/1979,2000,93,-1294599.337,-0.327729008,-0.278569656,1228175.692,0.311776239,0.265738327,20.81589629,2000.112254,2020.92815
RGI60-17.00712,86,-3778272.425,-1.126696986,-0.957692438,757874.8211,0.239632872,0.214613102,21-24,1976/1979,2000,68,-741898.8195,-0.21767294,-0.185021999,1478080.826,0.433941626,0.369081532,19.80768257,2000.112254,2019.919937
RGI60-17.00962,73,371856.4856,0.076871337,0.065340637,1285284.728,0.26575368,0.22593771,21-24,1976/1979,2000,93,-1432715.001,-0.295626174,-0.251282248,2024489.228,0.418255473,0.355959362,20.09582675,2000.112254,2020.208081
RGI60-17.01019,87,431607.6072,0.049556517,0.04212304,1596772.721,0.183372456,0.155894946,21-24,1976/1979,2000,79,-5365326.147,-0.605836384,-0.514960926,1505344.435,0.175294116,0.15336993,17.65983559,2000.112254,2017.77209
RGI60-17.01276,93,1989551.62,0.367144656,0.312072958,2204859.659,0.407704278,0.347248067,21-24,1976/1979,2000,93,-2452671.266,-0.433890617,-0.368807025,1001076.065,0.179733661,0.154975858,20.05202023,2000.112254,2020.164274
RGI60-17.01292,84,-7712265.489,-1.174156917,-0.998033379,1331509.292,0.219059498,0.199082329,21-24,1976/1979,2000,58,-5634557.873,-0.848016752,-0.720814239,2481213.539,0.378213329,0.325482906,19.80768257,2000.112254,2019.919937
RGI60-17.01294,85,318510.1414,0.038726719,0.032917711,1516670.638,0.184427888,0.156780925,21-24,1976/1979,2000,54,-4135966.445,-0.49922964,-0.424345194,2595795.454,0.315306443,0.269679151,19.80768257,2000.112254,2019.919937
RGI60-17.01296,67,-1221991.174,-0.231509792,-0.196783323,2958546.868,0.560749354,0.476839314,21-24,1976/1979,2000,77,-3445581.022,-0.766527514,-0.651548387,3151005.887,0.70308666,0.599390751,20.13963326,2000.112254,2020.251887
RGI60-17.01297,89,-378796.59,-0.124785509,-0.106067683,919333.9278,0.302981166,0.257642803,21-24,1976/1979,2000,87,-2213215.783,-0.70121031,-0.596028764,936445.1231,0.300808277,0.259125386,20.09582675,2000.112254,2020.208081
RGI60-17.01299,79,3692553.641,0.971030094,0.82537558,1321830.596,0.354331173,0.306764946,21-24,1976/1979,2000,91,-257478.6161,-0.067212572,-0.057130686,616202.2009,0.160924468,0.136845232,20.13963326,2000.112254,2020.251887
RGI60-17.04682,83,-1129735.548,-0.387327821,-0.329228648,847572.4296,0.291876529,0.249181131,21-24,1976/1979,2000,0,nan,nan,nan,nan,nan,nan,9.05475814,2000.112254,2009.167012
RGI60-17.04690,73,-26086986.41,-1.331207957,-1.131526763,3492383.009,0.201547148,0.189019755,21-24,1976/1979,2000,12,-13582726.7,-0.686540269,-0.583559229,5795868.712,0.296948586,0.255745487,16.69816629,2000.112254,2016.81042
RGI60-17.04702,81,-4505718.978,-0.423179082,-0.35970222,2554446.017,0.241773566,0.207070122,21-24,1976/1979,2000,61,-10121140.27,-0.976910398,-0.830373838,2528354.721,0.253641068,0.223420765,16.69816629,2000.112254,2016.81042
RGI60-17.04708,85,-1471434.385,-0.48861391,-0.415321824,1505221.841,0.501026281,0.426880224,21-24,1976/1979,2000,0,nan,nan,nan,nan,nan,nan,9.073923489,2000.112254,2009.186178
RGI60-17.04724,90,658306.1771,0.176847745,0.150320583,847176.7227,0.227929329,0.194030283,21-24,1976/1979,2000,83,-4683910.616,-1.252521801,-1.064643531,1175530.833,0.326586478,0.287591116,17.65983559,2000.112254,2017.77209
RGI60-17.04746,39,-32472520.03,-6.673989626,-5.672891182,3358723.269,0.836204334,0.815813046,21-24,1976/1979,2000,0,nan,nan,nan,nan,nan,nan,8.13689535,2000.112254,2008.24915
RGI60-17.04747,35,-14143740.85,-4.370814989,-3.715192741,3501205.227,1.12524744,0.991761481,21-24,1976/1979,2000,0,nan,nan,nan,nan,nan,nan,8.681738845,2000.112254,2008.793993
RGI60-17.04756,69,486151.1715,0.101646263,0.086399324,1658409.654,0.346820833,0.294860787,21-24,1976/1979,2000,0,nan,nan,nan,nan,nan,nan,8.681738845,2000.112254,2008.793993
RGI60-17.04761,91,-16439.00326,-0.005754758,-0.004891544,903375.606,0.316242538,0.268806379,21-24,1976/1979,2000,0,nan,nan,nan,nan,nan,nan,8.681738845,2000.112254,2008.793993
RGI60-17.04772,62,-2985484.595,-0.655433987,-0.557118889,2244531.574,0.494939694,0.4225328,21-24,1976/1979,2000,44,-2365148.457,-0.515019943,-0.437766952,2346417.177,0.512237321,0.436496901,16.69816629,2000.112254,2016.81042
RGI60-17.04785,71,-2356781.415,-0.157943621,-0.134252078,2552822.286,0.171445858,0.146036782,21-24,1976/1979,2000,76,-13549919.69,-0.926484943,-0.787512202,2556738.003,0.186690941,0.168142222,17.65983559,2000.112254,2017.77209
RGI60-17.04809,87,-1130815.468,-0.402408845,-0.342047519,1193012.19,0.425494503,0.362475357,21-24,1976/1979,2000,75,-1044233.24,-0.387613372,-0.329471367,966094.2397,0.35965585,0.306590831,16.69816629,2000.112254,2016.81042
RGI60-17.04810,82,-23712294.69,-1.370580244,-1.164993207,2370693.138,0.167917266,0.164724999,21-24,1976/1979,2000,62,-18796441.1,-1.151526367,-0.978797412,2985551.892,0.2002104,0.183669498,16.69816629,2000.112254,2016.81042
RGI60-17.04811,71,-50568.23242,-0.014282026,-0.012139722,1087132.163,0.307041252,0.260986471,21-24,1976/1979,2000,55,-923162.2586,-0.263985947,-0.224388055,1461643.561,0.418385786,0.35598047,16.69816629,2000.112254,2016.81042
RGI60-17.04812,56,-658271.9988,-0.163004202,-0.138553571,1602079.294,0.396881312,0.337490857,21-24,1976/1979,2000,49,-6651268.862,-1.684821206,-1.432098025,1921986.763,0.501219497,0.437865507,17.65983559,2000.112254,2017.77209
RGI60-17.04813,71,-72785731.3,-1.444664983,-1.227965235,6306336.799,0.161563161,0.162396346,21-24,1976/1979,2000,55,-128760948.7,-2.669692987,-2.269239039,5732730.595,0.223189579,0.248291071,16.69816629,2000.112254,2016.81042
RGI60-17.04816,84,-3044080.222,-0.261622472,-0.222379101,1980761.936,0.17123815,0.146396434,21-24,1976/1979,2000,91,-6047024.595,-0.518309673,-0.440563222,1344475.881,0.120926919,0.10738934,16.69816629,2000.112254,2016.81042
RGI60-17.04818,75,-431357.0134,-0.04826741,-0.041027299,2139308.53,0.239405815,0.203515549,21-24,1976/1979,2000,91,-4924442.338,-0.566252378,-0.481314521,1239228.341,0.148022074,0.130325252,17.65983559,2000.112254,2017.77209
RGI60-17.04824,76,-957606.7686,-0.253742717,-0.215681309,1421040.755,0.376968791,0.320784958,21-24,1976/1979,2000,82,-1799315.066,-0.473819766,-0.402746801,993660.1287,0.263800163,0.226025162,17.72828326,2000.112254,2017.840537
RGI60-17.04825,45,19129815.49,2.306113444,1.960196427,3755138.721,0.481159314,0.431757391,21-24,1976/1979,2000,81,1580533.947,0.192523299,0.163644804,2091464.17,0.25512268,0.21716172,17.65983559,2000.112254,2017.77209
RGI60-17.04826,92,-175989.2641,-0.071155128,-0.060481859,924100.7408,0.373661818,0.317641238,21-24,1976/1979,2000,79,-3038130.341,-1.234513505,-1.04933648,854704.2553,0.358102919,0.313270208,17.65983559,2000.112254,2017.77209
RGI60-17.04837,67,-29776910.2,-0.402396551,-0.342037068,8672464.651,0.120601798,0.105316362,21-24,1976/1979,2000,79,-110902892.9,-1.56268804,-1.328284834,5612839.196,0.135985387,0.148834359,18.69269047,2000.112254,2018.804945
RGI60-17.04843,85,-52350284.11,-1.092029973,-0.928225477,3610643.287,0.107867896,0.112693134,21-24,1976/1979,2000,89,-53239404.93,-1.157320093,-0.983722079,6142080.416,0.156627924,0.15015457,18.69269047,2000.112254,2018.804945
RGI60-17.04846,93,1998167.732,0.301576869,0.256340339,1295400.562,0.196670061,0.16814599,21-24,1976/1979,2000,89,-7385215.292,-1.111342282,-0.94464094,1194999.645,0.196246768,0.179643502,17.72828326,2000.112254,2017.840537
RGI60-17.04856,49,-419549400.9,-1.358369519,-1.154614091,17996794.91,0.112343209,0.125543913,21-24,1976/1979,2000,84,-824465319.8,-2.710671305,-2.304070609,10023278.87,0.194498706,0.231913458,20.09582675,2000.112254,2020.208081
RGI60-17.04863,74,-114496386.8,-1.592350761,-1.353498147,7173792.535,0.150438946,0.159623376,21-24,1976/1979,2000,81,-13927276.77,-0.203807889,-0.173236706,11465583.67,0.168402812,0.143663772,20.09582675,2000.112254,2020.208081
RGI60-17.04865,87,-111588228.8,-2.123963261,-1.805368772,4537571.109,0.173513482,0.194917027,21-24,1976/1979,2000,85,-35968532.36,-0.757910652,-0.644224054,10308605.34,0.223738504,0.195539028,20.09582675,2000.112254,2020.208081
RGI60-17.04868,93,-3060252.535,-0.527921924,-0.448733635,1357722.197,0.237175795,0.204072669,21-24,1976/1979,2000,93,-2068387.643,-0.400795163,-0.340675888,1881867.566,0.365765695,0.311829481,20.09582675,2000.112254,2020.208081
RGI60-17.04869,74,-31444676.26,-0.463366995,-0.393861946,6553718.106,0.101982053,0.091034045,21-24,1976/1979,2000,88,-22080032.54,-0.329811291,-0.280339598,4319423.286,0.068605574,0.061580845,20.09582675,2000.112254,2020.208081
RGI60-17.04871,60,-106903886.9,-0.349123424,-0.296754911,19899750.95,0.069518884,0.062694068,21-24,1976/1979,2000,91,-393949164.4,-1.297656212,-1.10300778,7787560.441,0.095287417,0.112348383,20.09582675,2000.112254,2020.208081
RGI60-17.04876,67,-110625823.8,-0.676832391,-0.575307532,11133149.74,0.08324762,0.081585615,21-24,1976/1979,2000,91,-30520072.47,-0.187295084,-0.159200821,15334450.1,0.095031606,0.081554816,20.09582675,2000.112254,2020.208081
RGI60-17.04877,60,-11549204.39,-0.078685304,-0.066882508,9775684.609,0.066834222,0.057004926,21-24,1976/1979,2000,94,21329372.72,0.144227712,0.122593555,11881976.24,0.080989757,0.069383064,20.09582675,2000.112254,2020.208081
RGI60-17.04878,78,11690457.31,0.911202504,0.774522128,3529317.694,0.282534481,0.246298876,21-24,1976/1979,2000,93,-1577176.832,-0.130588898,-0.111000563,2068451.849,0.171516147,0.145999126,19.83232373,2000.112254,2019.944578
RGI60-17.04879,92,-3656890.424,-0.199969298,-0.169973903,2485418.925,0.13664344,0.116764993,21-24,1976/1979,2000,94,5542208.141,0.296744881,0.252233149,2521217.313,0.136613873,0.117478839,20.09582675,2000.112254,2020.208081
RGI60-17.04881,71,3115447.137,0.713334061,0.606333952,2125037.318,0.489170565,0.417991997,21-24,1976/1979,2000,84,232190.5689,0.050476652,0.042905154,2124693.745,0.461907774,0.392633288,20.09582675,2000.112254,2020.208081
RGI60-17.04882,55,94718626.98,0.963442737,0.818926327,11898436.09,0.138883109,0.131444106,21-24,1976/1979,2000,93,-40273780.95,-0.409389674,-0.347981223,4910346.793,0.057701445,0.05485337,20.09582675,2000.112254,2020.208081
RGI60-17.04883,78,3314214.138,0.081217398,0.069034789,4417346.551,0.108402755,0.09227111,21-24,1976/1979,2000,90,-58832973.79,-1.465902493,-1.246017119,2875774.721,0.126051726,0.13862093,19.83232373,2000.112254,2019.944578
RGI60-17.04884,64,16303542.84,1.44797098,1.230775333,2789731.072,0.26808705,0.243873714,21-24,1976/1979,2000,76,1865623.404,0.160616184,0.136523756,3212595.001,0.276813422,0.23548868,20.09582675,2000.112254,2020.208081
RGI60-17.04889,69,35236577.38,0.218676516,0.185875039,9805261.759,0.062784868,0.054956358,21-24,1976/1979,2000,90,3377281.384,0.02079845,0.017678682,11597348.34,0.071435563,0.060733051,20.09582675,2000.112254,2020.208081
RGI60-17.04890,73,-3526963.625,-0.223601428,-0.190061214,2697213.387,0.171726576,0.146582839,21-24,1976/1979,2000,93,1995546.751,0.128331044,0.109081387,1851661.568,0.119423334,0.101801445,20.09582675,2000.112254,2020.208081
RGI60-17.04891,82,-8030799.886,-0.419633164,-0.356688189,2199960.944,0.118722351,0.10400753,21-24,1976/1979,2000,94,3670132.615,0.195203617,0.165923074,4774377.114,0.254310067,0.216480622,20.09582675,2000.112254,2020.208081
RGI60-17.04892,58,882195.6774,0.347207212,0.29512613,1271989.48,0.501220661,0.426546591,21-24,1976/1979,2000,87,-1282835.632,-0.464055243,-0.394446956,971102.341,0.352817513,0.301184649,20.09582675,2000.112254,2020.208081
RGI60-17.04893,83,-1064945.739,-0.20888793,-0.177554741,900708.6137,0.177289367,0.151216256,21-24,1976/1979,2000,93,-2193304.222,-0.427204979,-0.363124232,1059920.844,0.208646567,0.179192324,20.09582675,2000.112254,2020.208081
RGI60-17.04896,72,2372098.311,0.031027243,0.026373157,6065206.472,0.079363736,0.067484858,21-24,1976/1979,2000,93,25649113.66,0.336065321,0.285655523,3922454.6,0.056621629,0.052181654,20.09582675,2000.112254,2020.208081
RGI60-17.04897,93,-2968049.816,-0.489803185,-0.416332707,887543.3997,0.150506281,0.131262475,21-24,1976/1979,2000,94,-1781508.066,-0.310352729,-0.26379982,1218352.643,0.213381062,0.182327289,20.09582675,2000.112254,2020.208081
RGI60-17.04900,63,-4473279.935,-0.663955236,-0.564361951,2153017.336,0.322996072,0.277421846,21-24,1976/1979,2000,74,6647602.567,1.027195088,0.873115825,2416074.087,0.380335762,0.329107757,20.09582675,2000.112254,2020.208081
RGI60-17.04901,88,-717947.7872,-0.051514076,-0.043786965,1727362.118,0.123994929,0.105441001,21-24,1976/1979,2000,91,2375456.189,0.170102368,0.144587013,2234147.686,0.160435023,0.136751158,20.09582675,2000.112254,2020.208081
RGI60-17.04902,76,-52783307.66,-0.977253159,-0.830665185,5497143.808,0.123021703,0.11988597,21-24,1976/1979,2000,94,-112386829.7,-2.127605337,-1.808464536,3630153.735,0.165411698,0.189906504,20.09582675,2000.112254,2020.208081
RGI60-17.04903,59,49156741.71,0.788151006,0.669928355,7320020.377,0.129924806,0.120134858,21-24,1976/1979,2000,92,-299748.7029,-0.004846131,-0.004119211,3227489.156,0.052180952,0.044354762,20.09582675,2000.112254,2020.208081
RGI60-17.04904,75,-22237566.46,-0.492277415,-0.418435803,4348251.797,0.102358729,0.091881823,21-24,1976/1979,2000,92,-35098427.52,-0.798048136,-0.678340916,5630558.82,0.139916957,0.128206772,20.09582675,2000.112254,2020.208081
RGI60-17.04905,49,-9936717.657,-0.473863468,-0.402783948,3959856.641,0.191787853,0.165480459,21-24,1976/1979,2000,95,-7460369.177,-0.365347795,-0.310545626,1124516.893,0.060832185,0.056162045,20.09582675,2000.112254,2020.208081
RGI60-17.04906,87,3105927.699,0.32824673,0.279009721,1567847.34,0.167314067,0.143574191,21-24,1976/1979,2000,89,-6280631.882,-0.670570345,-0.569984793,1397993.907,0.156611521,0.139067149,20.09582675,2000.112254,2020.208081
RGI60-17.04908,63,8909333.797,0.225898135,0.192013415,5184268.514,0.132415283,0.113366149,21-24,1976/1979,2000,94,-33783547.21,-0.861713,-0.73245605,2935183.176,0.096529433,0.096981354,20.09582675,2000.112254,2020.208081
RGI60-17.04909,85,-4134115.888,-0.582282882,-0.494940449,1234506.286,0.178686407,0.155849842,21-24,1976/1979,2000,94,88261.16372,0.012723034,0.010814579,996301.0587,0.143621735,0.122080862,20.09582675,2000.112254,2020.208081
RGI60-17.04910,48,2153110.774,0.170249532,0.144712102,3086175.024,0.244325011,0.207927329,21-24,1976/1979,2000,94,-10152329.95,-0.84089019,-0.714756662,1332898.74,0.125426695,0.117948347,20.09582675,2000.112254,2020.208081
RGI60-17.04911,76,2672159.889,0.509245857,0.432858978,1452582.757,0.279157595,0.239243116,21-24,1976/1979,2000,95,-1113455.079,-0.206761771,-0.175747505,1116845.472,0.207906043,0.17715504,20.09582675,2000.112254,2020.208081
RGI60-17.04915,83,7908443.177,0.220036109,0.187030693,3590450.594,0.101101264,0.08694427,21-24,1976/1979,2000,95,-10273687.78,-0.285454118,-0.242636,2520380.942,0.072880056,0.064272103,20.09582675,2000.112254,2020.208081
RGI60-17.04916,54,21579527.63,0.940518742,0.79944093,4373515.467,0.201883153,0.180641261,21-24,1976/1979,2000,93,-18520938.83,-0.798829805,-0.679005334,2118966.156,0.107440293,0.10313769,20.09582675,2000.112254,2020.208081
RGI60-17.04918,36,154139926.4,0.380773038,0.323657082,21652106.61,0.059881884,0.055791815,21-24,1976/1979,2000,92,-202224672.8,-0.496785201,-0.422267421,11993091.61,0.045847583,0.049062812,20.09582675,2000.112254,2020.208081
RGI60-17.04923,71,9663419.11,0.783610595,0.666069005,2777156.023,0.231918021,0.202659631,21-24,1976/1979,2000,83,-1562989.595,-0.129297306,-0.10990271,2258895.337,0.187089188,0.159214924,20.09582675,2000.112254,2020.208081
RGI60-17.04926,79,-665081.164,-0.035455721,-0.030137363,3116276.832,0.166148781,0.141242485,21-24,1976/1979,2000,80,-17854824.13,-0.973279346,-0.827287444,4746110.096,0.267712066,0.234928875,20.09582675,2000.112254,2020.208081
RGI60-17.04928,72,54344781.88,0.476008722,0.404607414,8327273.954,0.080330704,0.074013592,21-24,1976/1979,2000,95,-27057785.05,-0.237817867,-0.202145187,4872721.89,0.04601102,0.041631106,20.09582675,2000.112254,2020.208081
RGI60-17.04930,88,-813538.8273,-0.170801122,-0.145180953,1030760.119,0.216743125,0.184516465,21-24,1976/1979,2000,92,-134118.8354,-0.029916099,-0.025428684,656917.1229,0.146545131,0.124576294,20.09582675,2000.112254,2020.208081
RGI60-17.04931,61,-1411888.151,-0.107333537,-0.091233507,3519775.865,0.267685474,0.227623773,21-24,1976/1979,2000,91,-5832962.139,-0.455127402,-0.386858291,1630433.437,0.131225957,0.114836141,20.09582675,2000.112254,2020.208081
RGI60-17.04932,85,-867416.2219,-0.109373545,-0.092967513,1770578.306,0.22338826,0.189993389,21-24,1976/1979,2000,92,-3664572.799,-0.477266894,-0.40567686,1214208.115,0.161703778,0.140399545,20.09582675,2000.112254,2020.208081
RGI60-17.04933,76,-9547210.15,-0.44799598,-0.380796583,3606527.036,0.172179188,0.148800269,21-24,1976/1979,2000,83,-9355660.872,-0.46564456,-0.395797876,3544205.949,0.179447364,0.155067887,20.09582675,2000.112254,2020.208081
RGI60-17.04934,88,-79009.62797,-0.01254542,-0.010663607,1616792.431,0.256721395,0.218214484,21-24,1976/1979,2000,24,11023600.17,1.752705019,1.489799266,3093464.521,0.507221738,0.443778657,20.09582675,2000.112254,2020.208081
RGI60-17.04935,75,-25103397.63,-0.565844053,-0.480967445,6405474.04,0.149824367,0.13179852,21-24,1976/1979,2000,91,-45788812.11,-1.061543097,-0.902311633,3429142.866,0.109428868,0.11273176,20.09582675,2000.112254,2020.208081
RGI60-17.04936,37,212271337.5,0.463487908,0.393964722,25981741.03,0.065516681,0.062246609,21-24,1976/1979,2000,89,-224599085.6,-0.484106871,-0.411490841,9711950.39,0.040124861,0.044798686,20.09582675,2000.112254,2020.208081
RGI60-17.04938,85,6082105.393,1.495003401,1.270752891,1558488.092,0.397400279,0.349497312,21-24,1976/1979,2000,0,nan,nan,nan,nan,nan,nan,19.80768257,2000.112254,2019.919937
RGI60-17.04939,83,-20880131.75,-0.753950578,-0.640857992,4871595.915,0.183826004,0.16266871,21-24,1976/1979,2000,93,902016.1975,0.033723016,0.028664564,4089360.097,0.152904497,0.129984572,20.09582675,2000.112254,2020.208081
RGI60-17.04946,89,225474.1082,0.019278194,0.016386465,2174928.318,0.185962886,0.158072685,21-24,1976/1979,2000,89,-9729876.697,-0.834871826,-0.709641052,3275424.073,0.287180874,0.249190443,20.09582675,2000.112254,2020.208081
RGI60-17.04951,75,-12013568.05,-0.236773633,-0.201257588,5694813.477,0.113480097,0.097498636,21-24,1976/1979,2000,93,-41948571.79,-0.787722324,-0.669563976,3618462.509,0.087861186,0.088381138,20.09582675,2000.112254,2020.208081
RGI60-17.04959,92,1248330.852,0.118506516,0.100730538,1692025.903,0.160845871,0.136903762,21-24,1976/1979,2000,92,-9422895.399,-0.871544427,-0.740812763,1517071.481,0.153255314,0.140371004,20.09582675,2000.112254,2020.208081
RGI60-17.04962,92,5206898.509,1.021968934,0.868673594,1147118.012,0.236460133,0.210136483,21-24,1976/1979,2000,0,nan,nan,nan,nan,nan,nan,20.09582675,2000.112254,2020.208081
RGI60-17.04963,70,2673138.097,0.071047456,0.060390337,6631418.764,0.176323396,0.149935497,21-24,1976/1979,2000,89,-37031877.69,-0.968968496,-0.823623222,7803127.155,0.215364665,0.192070275,20.09582675,2000.112254,2020.208081
RGI60-17.04965,92,-320984.526,-0.119723642,-0.101765096,1627163.036,0.606972674,0.515976779,21-24,1976/1979,2000,0,nan,nan,nan,nan,nan,nan,19.80768257,2000.112254,2019.919937
RGI60-17.04967,36,89626536.02,0.54831757,0.466069934,14123562.7,0.094705438,0.086962848,21-24,1976/1979,2000,41,187972969.1,1.145660831,0.973811707,17749219.34,0.135149049,0.133872304,20.09582675,2000.112254,2020.208081
RGI60-17.04969,86,-8472861.333,-1.236633457,-1.051138439,3247728.217,0.482011474,0.416374142,21-24,1976/1979,2000,43,-1516217.585,-0.220212622,-0.187180728,3660272.698,0.531839199,0.452256367,20.09582675,2000.112254,2020.208081
RGI60-17.04971,81,-39537587.01,-0.418104017,-0.355388414,15395722.31,0.16546999,0.142869167,21-24,1976/1979,2000,90,-17898798.39,-0.181918668,-0.154630868,5066219.553,0.053074191,0.046414742,20.09582675,2000.112254,2020.208081
RGI60-17.04973,91,497078.8388,0.102844139,0.087417518,5265984.162,1.089540794,0.926130232,21-24,1976/1979,2000,0,nan,nan,nan,nan,nan,nan,19.80768257,2000.112254,2019.919937
RGI60-17.04982,80,29407765.3,0.488497398,0.415222788,13361521.74,0.224622313,0.193165569,21-24,1976/1979,2000,64,2433176.118,0.039742507,0.033781131,5595852.992,0.091443575,0.077763607,20.09582675,2000.112254,2020.208081
RGI60-17.04985,91,-24974719.89,-5.751673659,-4.88892261,3517469.153,0.906436022,0.844227028,21-24,1976/1979,2000,0,nan,nan,nan,nan,nan,nan,19.80768257,2000.112254,2019.919937
RGI60-17.04991,91,-20655902.23,-1.503457734,-1.277939074,4067037.382,0.314534002,0.282162179,21-24,1976/1979,2000,93,-2034298.991,-0.145823102,-0.123949636,1650788.444,0.118780612,0.101341917,20.09582675,2000.112254,2020.208081
RGI60-17.04992,83,-7786441.859,-1.695774066,-1.441407956,4252134.91,0.933784207,0.800211436,21-24,1976/1979,2000,18,-1483841.589,-0.322222426,-0.273889062,3026516.575,0.657615631,0.55930753,19.80768257,2000.112254,2019.919937
RGI60-17.04993,85,-44675281.21,-2.498825047,-2.12400129,7607664.152,0.460747033,0.419352849,21-24,1976/1979,2000,62,-27162786.94,-1.517019345,-1.289466443,3835300.158,0.239561297,0.223044499,20.09582675,2000.112254,2020.208081
RGI60-17.04994,87,-3926141.011,-1.26372213,-1.074163811,1319445.45,0.433994012,0.376606733,21-24,1976/1979,2000,77,-475790.7443,-0.147478619,-0.125356827,1018690.857,0.315931011,0.268687107,20.09582675,2000.112254,2020.208081
RGI60-17.04995,91,-128402763.7,-8.979303831,-7.632408256,4632997.017,0.712822483,0.810786138,21-24,1976/1979,2000,60,2053764.104,0.143765378,0.122200572,3578245.968,0.250686895,0.213258384,20.09582675,2000.112254,2020.208081
RGI60-17.04997,45,-241201253.1,-1.142099778,-0.970784811,42353897.63,0.216197534,0.196128665,21-24,1976/1979,2000,80,-92259848.05,-0.429943351,-0.365451848,9228739.994,0.052667577,0.051668059,20.09582675,2000.112254,2020.208081
RGI60-17.05004,88,-4161432.702,-0.820304722,-0.697259014,3302446.465,0.653559782,0.557701865,21-24,1976/1979,2000,23,2735925.486,0.548009069,0.465807709,2848539.91,0.57188155,0.487210095,19.80768257,2000.112254,2019.919937
RGI60-17.05012,87,-4546343.833,-0.428799177,-0.3644793,4394442.807,0.415579846,0.354178559,21-24,1976/1979,2000,39,-18830682.71,-1.78030614,-1.513260219,3951726.766,0.394246828,0.351722539,19.80768257,2000.112254,2019.919937
RGI60-17.05014,82,-1344469.512,-0.411138218,-0.349467485,1878824.642,0.575278841,0.489608849,21-24,1976/1979,2000,16,7084284.768,2.151017493,1.828364869,3423550.151,1.050569032,0.902261936,18.71185582,2000.112254,2018.82411
RGI60-17.05022,86,-1318360.424,-0.156731163,-0.133221489,2288454.483,0.272284882,0.231633118,21-24,1976/1979,2000,55,-37079.94585,-0.004352472,-0.003699601,4225766.733,0.496023797,0.421620308,20.09582675,2000.112254,2020.208081
RGI60-17.05023,70,-9459454.755,-1.288972854,-1.095626926,2708222.187,0.380122038,0.332230712,21-24,1976/1979,2000,96,-6847333.279,-0.956572945,-0.813087003,788691.3788,0.129290133,0.12398137,20.09582675,2000.112254,2020.208081
RGI60-17.05024,89,-1262545.686,-0.107808091,-0.091636877,2384755.857,0.203775737,0.173330117,21-24,1976/1979,2000,94,-6765464.677,-0.588905557,-0.500569724,1144973.553,0.108015891,0.098378022,20.13963326,2000.112254,2020.251887
RGI60-17.05027,95,-2097992.028,-0.97120969,-0.825528237,698344.2443,0.330493795,0.286899959,21-24,1976/1979,2000,4,2453073.152,1.161121859,0.98695358,1717839.994,0.817247905,0.698145436,19.80768257,2000.112254,2019.919937
RGI60-17.05028,93,-10039089.45,-1.160237286,-0.986201693,2276221.605,0.275563442,0.24435493,21-24,1976/1979,2000,77,-8673050.314,-0.982389753,-0.83503129,3182464.937,0.367107835,0.317559947,19.80768257,2000.112254,2019.919937
RGI60-17.05031,71,-459485155.9,-2.724733982,-2.316023884,13953338.28,0.209782422,0.241915876,21-24,1976/1979,2000,67,-566601767.3,-3.804460438,-3.233791372,21599941.57,0.306625072,0.346460373,20.09582675,2000.112254,2020.208081
RGI60-17.05032,89,-636124.9657,-0.134194974,-0.114065728,1029966.308,0.21748564,0.185038057,21-24,1976/1979,2000,91,-2460169.504,-0.495473385,-0.421152377,682273.8932,0.141805618,0.124146728,20.13963326,2000.112254,2020.251887
RGI60-17.05037,79,4055616.32,0.061686054,0.052433146,6107807.382,0.09300229,0.079138542,21-24,1976/1979,2000,36,12220068.54,0.186679033,0.158677178,9851172.31,0.151068847,0.1288961,20.09582675,2000.112254,2020.208081
RGI60-17.05044,71,41696855.11,1.317681835,1.12002956,4242580.04,0.163329134,0.159763359,21-24,1976/1979,2000,26,37214756.82,1.087074542,0.92401336,7496387.674,0.232083594,0.207774159,19.80768257,2000.112254,2019.919937
RGI60-17.05047,94,-2545847.327,-0.446534517,-0.37955434,1091558.432,0.194042473,0.167097974,21-24,1976/1979,2000,79,318022.0468,0.054458164,0.046289439,2222765.612,0.380646342,0.323565889,19.80768257,2000.112254,2019.919937
RGI60-17.05059,87,-124610.1478,-0.025725178,-0.021866401,1059706.411,0.218778956,0.185968518,21-24,1976/1979,2000,20,-1372245.629,-0.271111998,-0.230445198,2303448.621,0.455491626,0.387509452,19.80768257,2000.112254,2019.919937
RGI60-17.05062,88,3523124.185,0.930254196,0.790716066,2429792.694,0.644931599,0.551026004,21-24,1976/1979,2000,27,-3549167.39,-0.929910196,-0.790423667,2104471.116,0.555295141,0.475287134,19.80768257,2000.112254,2019.919937
RGI60-17.05076,38,-1321955328,-1.392561293,-1.183677099,32614476.97,0.104291053,0.121817805,21-24,1976/1979,2000,84,-2460321414,-2.596106526,-2.206690547,20333120.26,0.184823061,0.221231674,20.09582675,2000.112254,2020.208081
RGI60-17.05077,87,2675656.016,0.484997217,0.412247634,1411064.881,0.258062665,0.221275067,21-24,1976/1979,2000,96,-3990269.99,-0.734510509,-0.624333933,764313.5628,0.149975576,0.134882086,20.13963326,2000.112254,2020.251887
RGI60-17.05078,77,-687210.4454,-0.040062545,-0.034053163,2828822.187,0.164937155,0.140217187,21-24,1976/1979,2000,95,-16358307.57,-0.958024808,-0.814321087,1548820.655,0.113211413,0.112090485,20.13963326,2000.112254,2020.251887
RGI60-17.05090,87,1956028.433,0.078136921,0.066416383,3799666.014,0.151884724,0.129187111,21-24,1976/1979,2000,91,-29889119.45,-1.219947994,-1.036955795,2450849.922,0.132239801,0.134135768,20.13963326,2000.112254,2020.251887
RGI60-17.05091,84,376258.3142,0.058583655,0.049796107,2283093.27,0.355503186,0.302198151,21-24,1976/1979,2000,95,418531.2243,0.067143987,0.057072389,1189918.68,0.190955189,0.162361899,20.09582675,2000.112254,2020.208081
RGI60-17.05092,90,-6222934.083,-0.487291178,-0.414197501,1713351.634,0.138519175,0.121317118,21-24,1976/1979,2000,81,-7603037.032,-0.607679207,-0.516527326,2385115.101,0.19541861,0.17006037,19.80768257,2000.112254,2019.919937
RGI60-17.05098,80,-20266930.37,-1.203606034,-1.023065129,2393130.477,0.165687744,0.158270599,21-24,1976/1979,2000,92,-22981993.16,-1.363917465,-1.159329845,2374234.26,0.170751597,0.166620116,20.09582675,2000.112254,2020.208081
RGI60-17.05128,84,15534213.01,1.267876108,1.077694692,2445512.476,0.218820669,0.200953057,21-24,1976/1979,2000,95,-10789214.71,-0.89315114,-0.759178469,1133495.043,0.113107009,0.110067579,20.09582675,2000.112254,2020.208081
RGI60-17.05130,67,-9700727.043,-0.311074525,-0.264413346,4314996.435,0.140107038,0.1205447,21-24,1976/1979,2000,95,-28595333.86,-0.917407206,-0.779796125,2164554.314,0.095030483,0.097747825,20.09582675,2000.112254,2020.208081
RGI60-17.05140,94,-3215185.681,-0.507960468,-0.431766398,1491842.838,0.238415978,0.204932574,21-24,1976/1979,2000,95,-1422520.556,-0.228672633,-0.194371738,764973.2083,0.124029312,0.106313973,20.09582675,2000.112254,2020.208081
RGI60-17.05167,85,-2278804.88,-0.22541427,-0.191602129,1978774.931,0.196383902,0.167473332,21-24,1976/1979,2000,95,-6042836.204,-0.580409136,-0.493347766,1274547.971,0.129115603,0.115140915,20.09582675,2000.112254,2020.208081
RGI60-17.05181,59,1172173150,0.968094176,0.82288005,38419574.26,0.075451416,0.086527884,21-24,1976/1979,2000,55,381186956.6,0.310391449,0.263832731,35291058.33,0.03615967,0.035937706,20.09582675,2000.112254,2020.208081
RGI60-17.05184,36,-288185680.9,-0.382265476,-0.324925654,32922786.61,0.051359534,0.04931398,21-24,1976/1979,2000,65,-1110986706,-1.483059729,-1.26060077,24755001.05,0.109952729,0.129045791,20.09582675,2000.112254,2020.208081
RGI60-17.05201,92,-5902369.033,-0.949368453,-0.806963185,1154925.117,0.197523628,0.177294785,21-24,1976/1979,2000,96,-1664723.911,-0.261517172,-0.222289596,942519.333,0.14921389,0.12779873,20.09582675,2000.112254,2020.208081
RGI60-17.05217,87,-949956.8276,-0.278984546,-0.237136864,636760.0907,0.18804216,0.160709959,21-24,1976/1979,2000,94,24015.10257,0.007144568,0.006072883,605316.5667,0.180084291,0.153072248,20.09582675,2000.112254,2020.208081
RGI60-17.05222,85,-27192520.15,-0.512310327,-0.435463778,11218526.29,0.214440534,0.184848152,21-24,1976/1979,2000,94,-71581813.91,-1.398094311,-1.188380164,6368625.009,0.158937087,0.159021616,19.80768257,2000.112254,2019.919937
RGI60-17.05230,91,-2184776.346,-0.628842769,-0.534516354,624801.7437,0.185252736,0.161922102,21-24,1976/1979,2000,96,-1382774.077,-0.402549981,-0.342167484,391020.4563,0.117339773,0.102621621,20.09582675,2000.112254,2020.208081
RGI60-17.05275,88,126287.8009,0.028192531,0.023963652,1006282.111,0.224651605,0.190961356,21-24,1976/1979,2000,95,-2576057.679,-0.563579174,-0.479042298,353694.651,0.08703877,0.081344422,20.13963326,2000.112254,2020.251887
RGI60-17.05287,38,-10347680.59,-0.045263261,-0.038473772,17299401.93,0.075739429,0.064435772,21-24,1976/1979,2000,94,-377506676.3,-1.653771213,-1.405705531,6251445.227,0.1201046,0.142365722,20.09582675,2000.112254,2020.208081
RGI60-17.05316,44,-64481575.75,-1.720169651,-1.462144203,15446278.36,0.429722519,0.379565849,21-24,1976/1979,2000,94,-49670490.48,-1.417515365,-1.204888061,4580442.526,0.164724329,0.163823228,19.80768257,2000.112254,2019.919937
RGI60-17.05338,78,-2459967.776,-0.083083302,-0.070620807,6199763.39,0.209474109,0.178122762,21-24,1976/1979,2000,95,-16797443.4,-0.577660956,-0.491011813,4531717.422,0.161109357,0.14126098,20.13963326,2000.112254,2020.251887
RGI60-17.05354,91,1433506.839,0.501813302,0.426541307,866814.4303,0.305504655,0.261418631,21-24,1976/1979,2000,92,-1010841.76,-0.344098031,-0.292483326,497879.916,0.171219657,0.146993829,20.09582675,2000.112254,2020.208081
RGI60-17.05363,48,43132417.48,1.040675777,0.884574411,18017582.46,0.440902757,0.379933394,21-24,1976/1979,2000,92,-44646128.67,-1.086574786,-0.923588568,3940473.079,0.122886872,0.123129713,19.80768257,2000.112254,2019.919937
RGI60-17.05410,67,138454.2862,0.03294747,0.02800535,2542970.737,0.605146116,0.514377997,21-24,1976/1979,2000,91,-4660747.937,-1.122825686,-0.954401833,800714.6906,0.208622164,0.189694946,20.09582675,2000.112254,2020.208081
RGI60-17.05426,20,-495439509.6,-1.155334902,-0.982034667,34161331.03,0.114110264,0.11921853,21-24,1976/1979,2000,85,-1023616668,-2.46307351,-2.093612483,16243051.39,0.178528088,0.211820568,20.72828326,2000.112254,2020.840537
RGI60-17.05439,84,-5290354.248,-0.400433662,-0.340368612,3875135.038,0.29467764,0.251625661,21-24,1976/1979,2000,92,-7640974.519,-0.582316879,-0.494969347,1385572.045,0.113339258,0.102478369,20.13963326,2000.112254,2020.251887
RGI60-17.05459,81,-6890622.089,-0.821513973,-0.698286877,3662811.627,0.440535669,0.377685547,21-24,1976/1979,2000,94,-4281604.272,-0.498279683,-0.423537731,1101653.586,0.132960316,0.116903783,20.13963326,2000.112254,2020.251887
RGI60-17.05460,37,-1016406967,-3.016234688,-2.563799485,25544123.7,0.226420714,0.264180901,21-24,1976/1979,2000,70,-979969343.7,-3.005175527,-2.554399198,16535397.59,0.218477077,0.258840542,20.72828326,2000.112254,2020.840537
RGI60-17.05470,34,-1617551669,-6.980183364,-5.933155859,22370523.08,0.503066155,0.598539677,21-24,1976/1979,2000,90,-863331494.5,-3.887410888,-3.304299254,11424024.76,0.279729862,0.3330733,20.72828326,2000.112254,2020.840537
RGI60-17.05505,79,5013801.655,0.484562537,0.411878157,2886659.95,0.281080686,0.240681059,21-24,1976/1979,2000,89,-6695276.845,-0.632898295,-0.537963551,1728527.007,0.169413911,0.148924619,20.13963326,2000.112254,2020.251887
RGI60-17.05549,78,-26523675.2,-1.099625368,-0.934681563,3844973.696,0.17735887,0.16456037,21-24,1976/1979,2000,88,-17158966.89,-0.704133717,-0.598513659,2181053.6,0.102419632,0.096766535,20.09582675,2000.112254,2020.208081
RGI60-17.05558,79,437685.2226,0.11355891,0.096525073,1334418.861,0.346312587,0.294444543,21-24,1976/1979,2000,95,-3327254.54,-0.851299932,-0.723604942,920418.4852,0.243066879,0.212827044,20.13963326,2000.112254,2020.251887
RGI60-17.05576,82,-3560559.641,-0.758404168,-0.644643543,1248882.111,0.271374896,0.23511416,21-24,1976/1979,2000,78,-4500672.356,-0.95027847,-0.8077367,1428490.483,0.309007892,0.268773978,20.09582675,2000.112254,2020.208081
RGI60-17.05627,83,-1755072.852,-0.144575549,-0.122889217,2252393.914,0.185824324,0.158188696,21-24,1976/1979,2000,90,-3436442.228,-0.285504805,-0.242679085,2142110.138,0.179111122,0.153205158,20.05202023,2000.112254,2020.164274
RGI60-17.05722,84,-2494783.645,-0.45463393,-0.38643884,1324596.55,0.243523095,0.208784263,21-24,1976/1979,2000,89,-986304.2579,-0.18884912,-0.160521752,1437379.302,0.275540903,0.2344837,20.09582675,2000.112254,2020.208081
RGI60-17.05738,28,-377680252.6,-0.691196332,-0.587516882,29929786.09,0.073413469,0.074925626,21-24,1976/1979,2000,57,-690031976.8,-1.315815909,-1.118443522,23491949.26,0.103277268,0.118064655,20.72828326,2000.112254,2020.840537
RGI60-17.05773,83,-2099324.743,-0.537926553,-0.45723757,1175818.941,0.303680934,0.260138786,21-24,1976/1979,2000,95,-4386451.265,-1.168305872,-0.993059991,538933.1031,0.165687388,0.157315204,20.09582675,2000.112254,2020.208081
RGI60-17.05796,69,-888959.9743,-0.022085363,-0.018772559,6646898.627,0.165143253,0.14037802,21-24,1976/1979,2000,81,-37774140.81,-1.072553407,-0.911670396,6008635.984,0.186824198,0.171344552,20.72828326,2000.112254,2020.840537
RGI60-17.05830,72,102795023.4,3.02810887,2.573892539,4161801.27,0.246735215,0.277478906,21-24,1976/1979,2000,72,-8346579.251,-0.246982219,-0.209934886,4144163.572,0.123866618,0.106324382,20.09582675,2000.112254,2020.208081
RGI60-17.05835,81,22580443.15,1.159044442,0.985187776,3731240.683,0.208322359,0.190240337,21-24,1976/1979,2000,81,-18699545.46,-0.945102793,-0.803337374,3481035.53,0.188201542,0.169724511,20.09582675,2000.112254,2020.208081
RGI60-17.05841,57,69255258.82,0.674282858,0.57314043,9344987.153,0.102720541,0.0962301,21-24,1976/1979,2000,82,-89088263,-0.884148072,-0.751525861,5839365.665,0.085251212,0.089806165,20.09582675,2000.112254,2020.208081
RGI60-17.05851,94,-4680339.529,-1.36769417,-1.162540045,590730.6975,0.197868598,0.187140112,21-24,1976/1979,2000,91,-701184.0369,-0.21874628,-0.185934338,986986.3525,0.308297324,0.262381194,20.72828326,2000.112254,2020.840537
RGI60-17.05874,77,-3570265.235,-0.892369137,-0.758513766,1727692.59,0.436413571,0.374795682,21-24,1976/1979,2000,84,-6603141.472,-1.64204397,-1.395737374,1280687.326,0.338981971,0.30451322,20.72828326,2000.112254,2020.840537
RGI60-17.05879,92,-3093432.513,-0.841733425,-0.715473411,921039.385,0.257588664,0.224699614,21-24,1976/1979,2000,94,-3036144.435,-0.899127707,-0.764258551,1148474.296,0.34604714,0.299046369,20.72828326,2000.112254,2020.840537
RGI60-17.05887,87,-1840954.75,-0.428376965,-0.364120421,1279990.807,0.299381007,0.255768583,21-24,1976/1979,2000,93,-2966986.835,-0.715954437,-0.608561271,1150797.802,0.282283216,0.243755785,20.72828326,2000.112254,2020.840537
RGI60-17.05889,81,20374168.85,0.685747818,0.582885646,5373234.734,0.187239026,0.164385621,21-24,1976/1979,2000,92,-8749952.248,-0.309604141,-0.26316352,5314430.129,0.189315681,0.161986992,20.72828326,2000.112254,2020.840537
RGI60-17.05899,71,87165585.53,1.780634494,1.51353932,6854747.639,0.188316551,0.192448642,21-24,1976/1979,2000,70,-46498675.6,-0.939633573,-0.798688537,6565693.321,0.14838456,0.138153789,20.09582675,2000.112254,2020.208081
RGI60-17.05927,79,2768131.815,0.398111155,0.338394482,3167566.207,0.456449334,0.388716547,21-24,1976/1979,2000,64,-4613771.261,-0.811745346,-0.689983544,3183834.24,0.563095988,0.481103262,20.09582675,2000.112254,2020.208081
RGI60-17.05951,91,8345473.241,2.085640966,1.772794821,1743796.31,0.460074561,0.410597368,21-24,1976/1979,2000,80,-3199656.83,-0.806422692,-0.685459288,1969099.102,0.499545376,0.427361471,20.09582675,2000.112254,2020.208081
RGI60-17.05962,60,44400327.69,0.548957743,0.466614081,9857929.847,0.127917072,0.113608904,21-24,1976/1979,2000,90,-98837514.72,-1.287781312,-1.094614115,6214372.488,0.121865366,0.129229018,20.72828326,2000.112254,2020.840537
RGI60-17.05963,77,945182.839,0.326205769,0.277274904,1187037.414,0.410324554,0.349324613,21-24,1976/1979,2000,77,-6209601.167,-2.134487447,-1.81431433,1361937.238,0.491880665,0.437273533,20.05202023,2000.112254,2020.164274
RGI60-17.05977,60,-9224427.174,-2.0255938,-1.72175473,2150566.995,0.493486588,0.436715721,21-24,1976/1979,2000,54,3499780.834,0.766060677,0.651151575,2731661.432,0.600377157,0.512386333,20.09582675,2000.112254,2020.208081
RGI60-17.05985,65,1206124.562,0.281639386,0.239393478,2207686.288,0.515913631,0.438852049,21-24,1976/1979,2000,74,-1157192.592,-0.375201278,-0.318921086,1959768.42,0.635982638,0.541053785,20.09582675,2000.112254,2020.208081
RGI60-17.05992,89,-10255101.87,-2.134938628,-1.814697834,2134819.995,0.470084128,0.41960226,21-24,1976/1979,2000,96,-2474102.131,-0.611324568,-0.519625883,532105.1544,0.13840138,0.12322674,19.80768257,2000.112254,2019.919937
RGI60-17.05995,70,-20852700.14,-2.396799417,-2.037279504,2515790.878,0.335304594,0.31923472,21-24,1976/1979,2000,96,-2607928.301,-0.315541306,-0.268210111,866983.911,0.107246142,0.09310447,19.80768257,2000.112254,2019.919937
RGI60-17.06000,84,-16150853.14,-2.259582574,-1.920645188,2547949.096,0.390640161,0.358655652,21-24,1976/1979,2000,92,200666.5216,0.028735599,0.02442526,1172534.569,0.167920149,0.14274254,19.80768257,2000.112254,2019.919937
RGI60-17.06001,88,2229333.198,0.273708168,0.232651943,2778890.406,0.341729002,0.290933526,21-24,1976/1979,2000,91,-7804486.302,-0.94219795,-0.800868257,2281521.348,0.283380058,0.247418025,20.72828326,2000.112254,2020.840537
RGI60-17.06002,65,-73874294.39,-0.907702038,-0.771546732,9211498.504,0.130165654,0.123318736,21-24,1976/1979,2000,82,-174249983.3,-2.318507524,-1.970731395,6071924.868,0.182805392,0.208557154,20.09582675,2000.112254,2020.208081
RGI60-17.06008,70,341717745.6,2.118604157,1.800813533,24872480.9,0.215018347,0.222624805,21-24,1976/1979,2000,93,-136448859.8,-0.87148879,-0.740765472,5735302.598,0.071689444,0.080295536,19.80768257,2000.112254,2019.919937
RGI60-17.06038,91,-19634474.2,-1.469163829,-1.248789254,3125204.581,0.255882839,0.234684516,21-24,1976/1979,2000,95,-16586643.28,-1.261486826,-1.072263802,1907303.2,0.170300286,0.163349125,20.72828326,2000.112254,2020.840537
RGI60-17.06070,87,-7383445.662,-1.302573632,-1.107187587,1659872.693,0.306975328,0.272382215,21-24,1976/1979,2000,88,-7335564.956,-1.528201487,-1.298971264,1062257.791,0.247117318,0.229190585,20.72828326,2000.112254,2020.840537
RGI60-17.06074,43,-742011706.9,-1.475266765,-1.25397675,25727111.86,0.116299549,0.132692572,21-24,1976/1979,2000,92,-2140455950,-4.637568132,-3.941932912,11519485.44,0.329067163,0.394539469,20.72828326,2000.112254,2020.840537
RGI60-17.06097,93,-3650636.844,-1.018345012,-0.86559326,543574.8136,0.167859592,0.155212964,21-24,1976/1979,2000,93,-1521937.593,-0.484643418,-0.411946906,915687.9921,0.2936335,0.251276685,20.72828326,2000.112254,2020.840537
RGI60-17.15738,90,51817702.16,6.43182268,5.467049278,12339199.58,1.597690127,1.411803621,21-24,1976/1979,2000,80,-2881079.698,-0.355747423,-0.302385309,2046483.607,0.253942885,0.216904246,20.09582675,2000.112254,2020.208081
RGI60-17.15740,94,-7827571.757,-2.327418247,-1.97830551,2338895.095,0.714645176,0.623293118,21-24,1976/1979,2000,32,3680231.688,1.111556031,0.944822627,1906704.455,0.581230133,0.498526902,19.80768257,2000.112254,2019.919937
RGI60-17.15746,92,-1202573.607,-0.212325742,-0.18047688,1060301.945,0.187807409,0.160143821,21-24,1976/1979,2000,85,954552.0504,0.166518159,0.141540435,1359739.888,0.237493814,0.202116834,19.80768257,2000.112254,2019.919937
RGI60-17.15748,79,36117257.03,2.916525942,2.479047051,14857996.02,1.217401738,1.049483419,21-24,1976/1979,2000,89,-5346923.315,-0.429867639,-0.365387493,2423141.328,0.19716635,0.169564462,19.80768257,2000.112254,2019.919937
RGI60-17.15751,81,6504858.776,0.860630867,0.731536237,2380690.916,0.32080447,0.277530039,21-24,1976/1979,2000,85,-8691717.873,-1.19084697,-1.012219924,2134521.357,0.304334535,0.268370667,20.72828326,2000.112254,2020.840537
RGI60-17.15753,90,10539306.06,2.267409172,1.927297796,1814363.775,0.421983969,0.383619648,21-24,1976/1979,2000,94,-3801813.359,-0.825294906,-0.70150067,1266469.432,0.281050011,0.243970557,20.72828326,2000.112254,2020.840537
RGI60-17.15759,87,-1239659.597,-0.15781623,-0.134143795,2401167.625,0.305886911,0.26017624,21-24,1976/1979,2000,90,-4394099.253,-0.534413972,-0.454251876,1060252.698,0.134374725,0.118633989,20.13963326,2000.112254,2020.251887
RGI60-17.15762,90,-2247477.875,-0.43370605,-0.368650143,1530634.606,0.296961329,0.253754943,21-24,1976/1979,2000,91,-4857136.292,-0.915824207,-0.778450576,1186949.203,0.232982845,0.205517564,20.13963326,2000.112254,2020.251887
RGI60-17.15766,60,1551292.309,0.215250643,0.182963046,3060530.599,0.424938724,0.361428738,21-24,1976/1979,2000,94,-4506629.05,-0.627070557,-0.533009974,1408500.096,0.200937722,0.174892024,20.09582675,2000.112254,2020.208081
RGI60-17.15767,74,319095.6167,0.043303736,0.036808175,1699415.025,0.230644049,0.196064658,21-24,1976/1979,2000,90,-4631031.363,-0.622610611,-0.529219019,1470102.468,0.202489182,0.176123163,20.09582675,2000.112254,2020.208081
RGI60-17.15768,78,-11992272.39,-3.136606599,-2.666115609,2121614.858,0.597595389,0.541698499,21-24,1976/1979,2000,95,-915723.88,-0.235972715,-0.200576808,636042.2554,0.164748758,0.140750364,20.18343977,2000.112254,2020.295694
RGI60-17.15769,83,-4221734.434,-1.111035474,-0.944380153,1167634.956,0.317170716,0.277714533,21-24,1976/1979,2000,96,-6395200.112,-1.672815861,-1.421893482,449309.9968,0.166746259,0.173673671,20.09582675,2000.112254,2020.208081
RGI60-17.15770,45,420024.846,0.144065166,0.122455391,1493778.263,0.51245527,0.435672737,21-24,1976/1979,2000,96,-1483916.086,-0.515230869,-0.437946239,527761.1932,0.186830704,0.161787031,20.18343977,2000.112254,2020.295694
RGI60-17.15771,42,-38725660.64,-0.225439813,-0.191623841,13176585.25,0.078345837,0.0679538,21-24,1976/1979,2000,93,-94935099.03,-0.555443299,-0.472126804,7771245.518,0.060082573,0.060982179,20.09582675,2000.112254,2020.208081
RGI60-17.15775,79,1861786.418,0.277699756,0.236044792,1519378.623,0.227476116,0.194071279,21-24,1976/1979,2000,83,-1190356.302,-0.179726645,-0.152767648,1293828.602,0.195762418,0.16674711,17.72828326,2000.112254,2017.840537
RGI60-17.15777,88,766740.9796,0.227289819,0.193196346,1160673.868,0.344440979,0.293092274,21-24,1976/1979,2000,83,-7312172.207,-2.133633512,-1.813588485,714105.0702,0.257257912,0.253386742,19.83232373,2000.112254,2019.944578
RGI60-17.15779,67,1323765.065,0.123583093,0.105045629,2472424.484,0.230984162,0.196476507,21-24,1976/1979,2000,95,337002.3205,0.031570388,0.02683483,1286222.608,0.120514054,0.102454458,20.09582675,2000.112254,2020.208081
RGI60-17.15780,74,-199962.5967,-0.04959585,-0.042156472,1286266.066,0.319046232,0.271205623,21-24,1976/1979,2000,94,-1332611.644,-0.33559791,-0.285258224,670460.7897,0.170505465,0.146321754,20.09582675,2000.112254,2020.208081
RGI60-17.15786,82,1783731.227,0.332141605,0.282320365,1862844.178,0.347667099,0.296188221,21-24,1976/1979,2000,94,-4596174.037,-0.835558346,-0.710224594,961372.0752,0.18448865,0.164634208,20.09582675,2000.112254,2020.208081
RGI60-17.15789,94,-2618362.165,-0.601920782,-0.511632665,630040.4862,0.150960791,0.133302211,21-24,1976/1979,2000,89,-4941082.262,-1.136139025,-0.965718172,1345948.279,0.319740853,0.280198397,20.09582675,2000.112254,2020.208081
RGI60-17.15792,61,-16513425.26,-0.474053422,-0.402945409,5436470.825,0.159624886,0.138630413,21-24,1976/1979,2000,90,-4875680.082,-0.140302103,-0.119256788,5306397.443,0.15301833,0.130337715,20.09582675,2000.112254,2020.208081
RGI60-17.15796,54,-9734170.384,-0.560593657,-0.476504609,7629330.999,0.441159868,0.376491395,21-24,1976/1979,2000,88,-9889996.633,-0.57525621,-0.488967779,2426303.628,0.146874212,0.129526467,20.09582675,2000.112254,2020.208081
RGI60-17.15797,63,-9007579.124,-0.883988465,-0.751390195,8820007.887,0.867834578,0.739563754,21-24,1976/1979,2000,85,-20050060.86,-1.953421206,-1.660408025,2073980.343,0.244771383,0.238797488,20.09582675,2000.112254,2020.208081
RGI60-17.15798,81,-3627004.335,-0.931551492,-0.791818768,4727197.15,1.215908046,1.035032091,21-24,1976/1979,2000,75,-5442632.714,-1.351896008,-1.149111607,1418879.567,0.365169794,0.320817829,20.09582675,2000.112254,2020.208081
RGI60-17.15800,80,-2339088.84,-1.000910529,-0.85077395,2954899.393,1.266398905,1.078112994,21-24,1976/1979,2000,92,-1480961.147,-0.547968936,-0.465773596,664146.0221,0.248775996,0.214000311,20.09582675,2000.112254,2020.208081
RGI60-17.15803,76,2043729.865,0.342218038,0.290885332,2178861.421,0.365647121,0.311477576,21-24,1976/1979,2000,94,-3799557.767,-0.688853141,-0.58552517,860384.8752,0.163468666,0.144965222,18.69269047,2000.112254,2018.804945
RGI6017.05091b,86,1367671.023,0.342468622,0.291098329,2106835.905,0.52811306,0.449366147,21-24,1976/1979,2000,96,-2649974.154,-0.64872823,-0.551418996,1573196.013,0.387849285,0.331961761,20.13963326,2000.112254,2020.251887